Entity,Code,Year, (years)
Afghanistan,AFG,1950,0.27
Afghanistan,AFG,1955,0.31
Afghanistan,AFG,1960,0.37
Afghanistan,AFG,1965,0.42
Afghanistan,AFG,1970,0.69
Afghanistan,AFG,1975,0.92
Afghanistan,AFG,1980,1.22
Afghanistan,AFG,1985,1.57
Afghanistan,AFG,1990,1.87
Afghanistan,AFG,1995,2.26
Afghanistan,AFG,2000,2.86
Afghanistan,AFG,2005,3.21
Afghanistan,AFG,2010,3.85
Albania,ALB,1950,2.6
Albania,ALB,1955,2.78
Albania,ALB,1960,2.98
Albania,ALB,1965,3.41
Albania,ALB,1970,4.28
Albania,ALB,1975,5.35
Albania,ALB,1980,6.39
Albania,ALB,1985,7.78
Albania,ALB,1990,8.5
Albania,ALB,1995,8.22
Albania,ALB,2000,9.48
Albania,ALB,2005,9.85
Albania,ALB,2010,9.93
Algeria,DZA,1950,0.85
Algeria,DZA,1955,0.84
Algeria,DZA,1960,0.88
Algeria,DZA,1965,1.1
Algeria,DZA,1970,1.55
Algeria,DZA,1975,2.11
Algeria,DZA,1980,2.81
Algeria,DZA,1985,3.99
Algeria,DZA,1990,4.74
Algeria,DZA,1995,5.41
Algeria,DZA,2000,5.67
Algeria,DZA,2005,5.54
Algeria,DZA,2010,6.68
Argentina,ARG,1950,4.85
Argentina,ARG,1955,5.2
Argentina,ARG,1960,5.67
Argentina,ARG,1965,5.94
Argentina,ARG,1970,6.31
Argentina,ARG,1975,6.85
Argentina,ARG,1980,7.3
Argentina,ARG,1985,7.85
Argentina,ARG,1990,8.37
Argentina,ARG,1995,8.64
Argentina,ARG,2000,8.73
Argentina,ARG,2005,9.38
Argentina,ARG,2010,9.51
Armenia,ARM,1950,7.22
Armenia,ARM,1955,7.33
Armenia,ARM,1960,7.91
Armenia,ARM,1965,8.13
Armenia,ARM,1970,8.46
Armenia,ARM,1975,8.85
Armenia,ARM,1980,9.44
Armenia,ARM,1985,9.99
Armenia,ARM,1990,10.4
Armenia,ARM,1995,10.43
Armenia,ARM,2000,10.44
Armenia,ARM,2005,10.5
Armenia,ARM,2010,10.73
Australia,AUS,1950,8.04
Australia,AUS,1955,8.27
Australia,AUS,1960,8.53
Australia,AUS,1965,8.93
Australia,AUS,1970,9.7
Australia,AUS,1975,10.52
Australia,AUS,1980,11.2
Australia,AUS,1985,11.2
Australia,AUS,1990,11.18
Australia,AUS,1995,11.2
Australia,AUS,2000,11.07
Australia,AUS,2005,11.38
Australia,AUS,2010,11.54
Austria,AUT,1950,5.97
Austria,AUT,1955,5.78
Austria,AUT,1960,5.86
Austria,AUT,1965,6.69
Austria,AUT,1970,7.4
Austria,AUT,1975,7.7
Austria,AUT,1980,7.89
Austria,AUT,1985,8.11
Austria,AUT,1990,8.36
Austria,AUT,1995,8.81
Austria,AUT,2000,8.97
Austria,AUT,2005,9.29
Austria,AUT,2010,9.6
Bahrain,BHR,1950,1
Bahrain,BHR,1955,1.07
Bahrain,BHR,1960,1.29
Bahrain,BHR,1965,1.75
Bahrain,BHR,1970,3.08
Bahrain,BHR,1975,4.02
Bahrain,BHR,1980,4.93
Bahrain,BHR,1985,5.65
Bahrain,BHR,1990,6.54
Bahrain,BHR,1995,7.1
Bahrain,BHR,2000,7.48
Bahrain,BHR,2005,7.19
Bahrain,BHR,2010,7.06
Bangladesh,BGD,1950,0.93
Bangladesh,BGD,1955,0.94
Bangladesh,BGD,1960,1.02
Bangladesh,BGD,1965,1.25
Bangladesh,BGD,1970,1.38
Bangladesh,BGD,1975,1.57
Bangladesh,BGD,1980,2.25
Bangladesh,BGD,1985,2.82
Bangladesh,BGD,1990,3.13
Bangladesh,BGD,1995,3.68
Bangladesh,BGD,2000,4.48
Bangladesh,BGD,2005,5.24
Bangladesh,BGD,2010,5.91
Barbados,BRB,1950,4.63
Barbados,BRB,1955,4.79
Barbados,BRB,1960,4.97
Barbados,BRB,1965,6.61
Barbados,BRB,1970,8.31
Barbados,BRB,1975,7.65
Barbados,BRB,1980,7.31
Barbados,BRB,1985,7.98
Barbados,BRB,1990,8.45
Barbados,BRB,1995,8.88
Barbados,BRB,2000,8.81
Barbados,BRB,2005,9.34
Barbados,BRB,2010,9.45
Belgium,BEL,1950,6.75
Belgium,BEL,1955,7.04
Belgium,BEL,1960,7.22
Belgium,BEL,1965,7.33
Belgium,BEL,1970,7.66
Belgium,BEL,1975,8.03
Belgium,BEL,1980,8.5
Belgium,BEL,1985,8.97
Belgium,BEL,1990,9.43
Belgium,BEL,1995,10
Belgium,BEL,2000,10.29
Belgium,BEL,2005,10.59
Belgium,BEL,2010,10.69
Belize,BLZ,1950,7.23
Belize,BLZ,1955,7.4
Belize,BLZ,1960,7.49
Belize,BLZ,1965,7.81
Belize,BLZ,1970,7.74
Belize,BLZ,1975,7.95
Belize,BLZ,1980,7.69
Belize,BLZ,1985,7.91
Belize,BLZ,1990,8.76
Belize,BLZ,1995,9.4
Belize,BLZ,2000,10.08
Belize,BLZ,2005,10.76
Belize,BLZ,2010,11.29
Benin,BEN,1950,0.44
Benin,BEN,1955,0.53
Benin,BEN,1960,0.61
Benin,BEN,1965,0.76
Benin,BEN,1970,0.84
Benin,BEN,1975,0.94
Benin,BEN,1980,1.22
Benin,BEN,1985,1.71
Benin,BEN,1990,2.16
Benin,BEN,1995,2.61
Benin,BEN,2000,3.11
Benin,BEN,2005,3.72
Benin,BEN,2010,4.43
Bolivia,BOL,1950,2.32
Bolivia,BOL,1955,2.67
Bolivia,BOL,1960,3.06
Bolivia,BOL,1965,3.57
Bolivia,BOL,1970,4
Bolivia,BOL,1975,4.6
Bolivia,BOL,1980,5.48
Bolivia,BOL,1985,6.38
Bolivia,BOL,1990,7.26
Bolivia,BOL,1995,7.83
Bolivia,BOL,2000,8.29
Bolivia,BOL,2005,8.49
Bolivia,BOL,2010,8.25
Botswana,BWA,1950,1.38
Botswana,BWA,1955,1.42
Botswana,BWA,1960,1.46
Botswana,BWA,1965,1.71
Botswana,BWA,1970,2.14
Botswana,BWA,1975,2.74
Botswana,BWA,1980,3.12
Botswana,BWA,1985,5.29
Botswana,BWA,1990,6.86
Botswana,BWA,1995,8.24
Botswana,BWA,2000,8.82
Botswana,BWA,2005,9.22
Botswana,BWA,2010,9.55
Brazil,BRA,1950,2.08
Brazil,BRA,1955,2.29
Brazil,BRA,1960,2.55
Brazil,BRA,1965,2.85
Brazil,BRA,1970,3.29
Brazil,BRA,1975,2.9
Brazil,BRA,1980,3.04
Brazil,BRA,1985,3.94
Brazil,BRA,1990,4.69
Brazil,BRA,1995,5.58
Brazil,BRA,2000,6.52
Brazil,BRA,2005,7.29
Brazil,BRA,2010,7.89
Brunei,BRN,1950,2.02
Brunei,BRN,1955,2.27
Brunei,BRN,1960,2.7
Brunei,BRN,1965,3.39
Brunei,BRN,1970,4.66
Brunei,BRN,1975,5.68
Brunei,BRN,1980,6.64
Brunei,BRN,1985,7.14
Brunei,BRN,1990,7.69
Brunei,BRN,1995,7.98
Brunei,BRN,2000,8.22
Brunei,BRN,2005,8.45
Brunei,BRN,2010,8.74
Bulgaria,BGR,1950,3.82
Bulgaria,BGR,1955,4.6
Bulgaria,BGR,1960,4.99
Bulgaria,BGR,1965,4.45
Bulgaria,BGR,1970,6.13
Bulgaria,BGR,1975,7.07
Bulgaria,BGR,1980,7.84
Bulgaria,BGR,1985,8.55
Bulgaria,BGR,1990,8.42
Bulgaria,BGR,1995,8.86
Bulgaria,BGR,2000,9.28
Bulgaria,BGR,2005,10.45
Bulgaria,BGR,2010,11.24
Burundi,BDI,1950,0.42
Burundi,BDI,1955,0.52
Burundi,BDI,1960,0.67
Burundi,BDI,1965,0.81
Burundi,BDI,1970,1.06
Burundi,BDI,1975,1.28
Burundi,BDI,1980,1.45
Burundi,BDI,1985,1.54
Burundi,BDI,1990,1.74
Burundi,BDI,1995,2.18
Burundi,BDI,2000,2.56
Burundi,BDI,2005,2.88
Burundi,BDI,2010,3.35
Cambodia,KHM,1950,0.42
Cambodia,KHM,1955,0.64
Cambodia,KHM,1960,1.18
Cambodia,KHM,1965,1.46
Cambodia,KHM,1970,1.82
Cambodia,KHM,1975,2.2
Cambodia,KHM,1980,2.54
Cambodia,KHM,1985,2.8
Cambodia,KHM,1990,3.09
Cambodia,KHM,1995,3.27
Cambodia,KHM,2000,3.5
Cambodia,KHM,2005,4.1
Cambodia,KHM,2010,4.72
Cameroon,CMR,1950,0.7
Cameroon,CMR,1955,0.88
Cameroon,CMR,1960,1.08
Cameroon,CMR,1965,1.43
Cameroon,CMR,1970,1.81
Cameroon,CMR,1975,2.42
Cameroon,CMR,1980,3.04
Cameroon,CMR,1985,3.7
Cameroon,CMR,1990,4.37
Cameroon,CMR,1995,5
Cameroon,CMR,2000,5.46
Cameroon,CMR,2005,5.77
Cameroon,CMR,2010,6.15
Canada,CAN,1950,7.6
Canada,CAN,1955,7.93
Canada,CAN,1960,8.34
Canada,CAN,1965,8.65
Canada,CAN,1970,9.14
Canada,CAN,1975,9.7
Canada,CAN,1980,10.15
Canada,CAN,1985,9.94
Canada,CAN,1990,10.33
Canada,CAN,1995,10.71
Canada,CAN,2000,10.95
Canada,CAN,2005,12.03
Canada,CAN,2010,12.32
Central African Republic,CAF,1950,0.39
Central African Republic,CAF,1955,0.44
Central African Republic,CAF,1960,0.5
Central African Republic,CAF,1965,0.6
Central African Republic,CAF,1970,0.82
Central African Republic,CAF,1975,1.15
Central African Republic,CAF,1980,1.66
Central African Republic,CAF,1985,2.06
Central African Republic,CAF,1990,2.67
Central African Republic,CAF,1995,2.99
Central African Republic,CAF,2000,3.29
Central African Republic,CAF,2005,3.55
Central African Republic,CAF,2010,3.76
Chile,CHL,1950,4.81
Chile,CHL,1955,4.98
Chile,CHL,1960,5.22
Chile,CHL,1965,5.66
Chile,CHL,1970,6.09
Chile,CHL,1975,6.57
Chile,CHL,1980,6.95
Chile,CHL,1985,7.65
Chile,CHL,1990,8.36
Chile,CHL,1995,8.78
Chile,CHL,2000,9.07
Chile,CHL,2005,9.67
Chile,CHL,2010,9.78
China,CHN,1950,1.61
China,CHN,1955,1.96
China,CHN,1960,2.51
China,CHN,1965,3.11
China,CHN,1970,3.82
China,CHN,1975,4.48
China,CHN,1980,5.31
China,CHN,1985,5.72
China,CHN,1990,6.04
China,CHN,1995,6.79
China,CHN,2000,7.38
China,CHN,2005,7.69
China,CHN,2010,7.95
Colombia,COL,1950,2.33
Colombia,COL,1955,2.68
Colombia,COL,1960,3.05
Colombia,COL,1965,3.42
Colombia,COL,1970,3.91
Colombia,COL,1975,4.36
Colombia,COL,1980,4.89
Colombia,COL,1985,5.49
Colombia,COL,1990,5.99
Colombia,COL,1995,6.47
Colombia,COL,2000,6.9
Colombia,COL,2005,7.06
Colombia,COL,2010,8.95
Congo,COG,1950,0.79
Congo,COG,1955,0.97
Congo,COG,1960,1.14
Congo,COG,1965,1.57
Congo,COG,1970,2.09
Congo,COG,1975,3.28
Congo,COG,1980,4.17
Congo,COG,1985,4.97
Congo,COG,1990,5.37
Congo,COG,1995,5.62
Congo,COG,2000,5.67
Congo,COG,2005,5.77
Congo,COG,2010,5.94
Costa Rica,CRI,1950,3.55
Costa Rica,CRI,1955,3.76
Costa Rica,CRI,1960,3.89
Costa Rica,CRI,1965,4.12
Costa Rica,CRI,1970,3.94
Costa Rica,CRI,1975,5.15
Costa Rica,CRI,1980,6.11
Costa Rica,CRI,1985,6.7
Costa Rica,CRI,1990,7.11
Costa Rica,CRI,1995,7.42
Costa Rica,CRI,2000,7.7
Costa Rica,CRI,2005,8.12
Costa Rica,CRI,2010,7.97
Cote d'Ivoire,CIV,1950,0.84
Cote d'Ivoire,CIV,1955,0.88
Cote d'Ivoire,CIV,1960,0.96
Cote d'Ivoire,CIV,1965,1.06
Cote d'Ivoire,CIV,1970,1.29
Cote d'Ivoire,CIV,1975,1.71
Cote d'Ivoire,CIV,1980,2.06
Cote d'Ivoire,CIV,1985,2.37
Cote d'Ivoire,CIV,1990,2.69
Cote d'Ivoire,CIV,1995,3.3
Cote d'Ivoire,CIV,2000,3.87
Cote d'Ivoire,CIV,2005,4.26
Cote d'Ivoire,CIV,2010,4.65
Croatia,HRV,1950,5.66
Croatia,HRV,1955,6
Croatia,HRV,1960,6.41
Croatia,HRV,1965,6.63
Croatia,HRV,1970,7.06
Croatia,HRV,1975,7.63
Croatia,HRV,1980,8.04
Croatia,HRV,1985,8.44
Croatia,HRV,1990,8.57
Croatia,HRV,1995,9.08
Croatia,HRV,2000,9.71
Croatia,HRV,2005,10.58
Croatia,HRV,2010,11.3
Cuba,CUB,1950,3.49
Cuba,CUB,1955,3.57
Cuba,CUB,1960,3.99
Cuba,CUB,1965,4.49
Cuba,CUB,1970,5.3
Cuba,CUB,1975,6.23
Cuba,CUB,1980,8.06
Cuba,CUB,1985,8.09
Cuba,CUB,1990,8.54
Cuba,CUB,1995,8.8
Cuba,CUB,2000,8.91
Cuba,CUB,2005,9.51
Cuba,CUB,2010,10.16
Cyprus,CYP,1950,3.56
Cyprus,CYP,1955,4.25
Cyprus,CYP,1960,5.14
Cyprus,CYP,1965,5.54
Cyprus,CYP,1970,5.88
Cyprus,CYP,1975,6.68
Cyprus,CYP,1980,7.5
Cyprus,CYP,1985,8.44
Cyprus,CYP,1990,9.14
Cyprus,CYP,1995,9.6
Cyprus,CYP,2000,9.94
Cyprus,CYP,2005,9.28
Cyprus,CYP,2010,11.07
Czech Republic,CZE,1950,8.1
Czech Republic,CZE,1955,8.24
Czech Republic,CZE,1960,8.35
Czech Republic,CZE,1965,8.97
Czech Republic,CZE,1970,9.56
Czech Republic,CZE,1975,9.94
Czech Republic,CZE,1980,10.21
Czech Republic,CZE,1985,10.43
Czech Republic,CZE,1990,10.83
Czech Republic,CZE,1995,11.99
Czech Republic,CZE,2000,12.69
Czech Republic,CZE,2005,12.73
Czech Republic,CZE,2010,12.8
Democratic Republic of Congo,COD,1950,0.58
Democratic Republic of Congo,COD,1955,0.65
Democratic Republic of Congo,COD,1960,0.81
Democratic Republic of Congo,COD,1965,0.99
Democratic Republic of Congo,COD,1970,1.23
Democratic Republic of Congo,COD,1975,1.55
Democratic Republic of Congo,COD,1980,2.06
Democratic Republic of Congo,COD,1985,2.75
Democratic Republic of Congo,COD,1990,3.18
Democratic Republic of Congo,COD,1995,3.37
Democratic Republic of Congo,COD,2000,3.37
Democratic Republic of Congo,COD,2005,3.49
Democratic Republic of Congo,COD,2010,3.66
Denmark,DNK,1950,5.51
Denmark,DNK,1955,4.6
Denmark,DNK,1960,5.06
Denmark,DNK,1965,5.72
Denmark,DNK,1970,6.78
Denmark,DNK,1975,7.46
Denmark,DNK,1980,8.14
Denmark,DNK,1985,8.77
Denmark,DNK,1990,9.35
Denmark,DNK,1995,10.04
Denmark,DNK,2000,10.77
Denmark,DNK,2005,11.1
Denmark,DNK,2010,11.3
Dominican Republic,DOM,1950,2.52
Dominican Republic,DOM,1955,2.57
Dominican Republic,DOM,1960,2.76
Dominican Republic,DOM,1965,3.09
Dominican Republic,DOM,1970,3.63
Dominican Republic,DOM,1975,4.26
Dominican Republic,DOM,1980,4.98
Dominican Republic,DOM,1985,5.52
Dominican Republic,DOM,1990,6.02
Dominican Republic,DOM,1995,6.31
Dominican Republic,DOM,2000,6.98
Dominican Republic,DOM,2005,7.4
Dominican Republic,DOM,2010,7.85
Ecuador,ECU,1950,2.55
Ecuador,ECU,1955,2.87
Ecuador,ECU,1960,3.22
Ecuador,ECU,1965,3.9
Ecuador,ECU,1970,4.42
Ecuador,ECU,1975,4.92
Ecuador,ECU,1980,6.15
Ecuador,ECU,1985,6.56
Ecuador,ECU,1990,7
Ecuador,ECU,1995,7.1
Ecuador,ECU,2000,7.1
Ecuador,ECU,2005,7.37
Ecuador,ECU,2010,7.6
Egypt,EGY,1950,0.52
Egypt,EGY,1955,0.67
Egypt,EGY,1960,0.81
Egypt,EGY,1965,1.04
Egypt,EGY,1970,1.31
Egypt,EGY,1975,1.69
Egypt,EGY,1980,2.65
Egypt,EGY,1985,3.76
Egypt,EGY,1990,4.41
Egypt,EGY,1995,5.12
Egypt,EGY,2000,6.03
Egypt,EGY,2005,6.66
Egypt,EGY,2010,7.15
El Salvador,SLV,1950,1.53
El Salvador,SLV,1955,1.68
El Salvador,SLV,1960,1.97
El Salvador,SLV,1965,2.36
El Salvador,SLV,1970,2.83
El Salvador,SLV,1975,3.24
El Salvador,SLV,1980,3.59
El Salvador,SLV,1985,4.25
El Salvador,SLV,1990,4.67
El Salvador,SLV,1995,5.42
El Salvador,SLV,2000,6.59
El Salvador,SLV,2005,7.34
El Salvador,SLV,2010,7.77
Estonia,EST,1950,6.13
Estonia,EST,1955,6.33
Estonia,EST,1960,6.72
Estonia,EST,1965,7.03
Estonia,EST,1970,7.38
Estonia,EST,1975,7.97
Estonia,EST,1980,8.46
Estonia,EST,1985,8.86
Estonia,EST,1990,9.19
Estonia,EST,1995,10.38
Estonia,EST,2000,11.41
Estonia,EST,2005,11.77
Estonia,EST,2010,12.11
Fiji,FJI,1950,3.62
Fiji,FJI,1955,4.02
Fiji,FJI,1960,4.47
Fiji,FJI,1965,5.18
Fiji,FJI,1970,5.57
Fiji,FJI,1975,6.25
Fiji,FJI,1980,7.04
Fiji,FJI,1985,7.62
Fiji,FJI,1990,9.07
Fiji,FJI,1995,10.11
Fiji,FJI,2000,9.76
Fiji,FJI,2005,9.38
Fiji,FJI,2010,9.96
Finland,FIN,1950,3.86
Finland,FIN,1955,4.01
Finland,FIN,1960,4.18
Finland,FIN,1965,4.84
Finland,FIN,1970,5.73
Finland,FIN,1975,6.74
Finland,FIN,1980,7.56
Finland,FIN,1985,7.44
Finland,FIN,1990,7.55
Finland,FIN,1995,8.59
Finland,FIN,2000,9.09
Finland,FIN,2005,9.51
Finland,FIN,2010,9.84
France,FRA,1950,4.33
France,FRA,1955,4.45
France,FRA,1960,4.2
France,FRA,1965,4.65
France,FRA,1970,4.75
France,FRA,1975,5.76
France,FRA,1980,5.96
France,FRA,1985,6.91
France,FRA,1990,7.65
France,FRA,1995,8.82
France,FRA,2000,9.75
France,FRA,2005,10.12
France,FRA,2010,10.68
Gabon,GAB,1950,0.47
Gabon,GAB,1955,0.82
Gabon,GAB,1960,1.01
Gabon,GAB,1965,1.42
Gabon,GAB,1970,1.82
Gabon,GAB,1975,2.6
Gabon,GAB,1980,3.31
Gabon,GAB,1985,4.3
Gabon,GAB,1990,5.25
Gabon,GAB,1995,6.25
Gabon,GAB,2000,7.02
Gabon,GAB,2005,7.71
Gabon,GAB,2010,8.39
Gambia,GMB,1950,0.4
Gambia,GMB,1955,0.43
Gambia,GMB,1960,0.47
Gambia,GMB,1965,0.52
Gambia,GMB,1970,0.57
Gambia,GMB,1975,0.73
Gambia,GMB,1980,0.97
Gambia,GMB,1985,1.27
Gambia,GMB,1990,1.75
Gambia,GMB,1995,2.45
Gambia,GMB,2000,2.64
Gambia,GMB,2005,3.25
Gambia,GMB,2010,3.77
Germany,DEU,1950,6.8
Germany,DEU,1955,7.43
Germany,DEU,1960,7.49
Germany,DEU,1965,7.43
Germany,DEU,1970,7.05
Germany,DEU,1975,6.98
Germany,DEU,1980,7.03
Germany,DEU,1985,7.18
Germany,DEU,1990,8.6
Germany,DEU,1995,9.44
Germany,DEU,2000,10.06
Germany,DEU,2005,11.65
Germany,DEU,2010,12.37
Ghana,GHA,1950,0.68
Ghana,GHA,1955,0.8
Ghana,GHA,1960,1.05
Ghana,GHA,1965,1.95
Ghana,GHA,1970,3.06
Ghana,GHA,1975,3.86
Ghana,GHA,1980,4.53
Ghana,GHA,1985,5.2
Ghana,GHA,1990,5.65
Ghana,GHA,1995,5.89
Ghana,GHA,2000,6.44
Ghana,GHA,2005,7.07
Ghana,GHA,2010,7
Greece,GRC,1950,4.14
Greece,GRC,1955,5.49
Greece,GRC,1960,7.39
Greece,GRC,1965,6.41
Greece,GRC,1970,6.52
Greece,GRC,1975,6.79
Greece,GRC,1980,7.1
Greece,GRC,1985,7.89
Greece,GRC,1990,8.58
Greece,GRC,1995,8.73
Greece,GRC,2000,8.89
Greece,GRC,2005,9.9
Greece,GRC,2010,10.3
Guatemala,GTM,1950,1.31
Guatemala,GTM,1955,1.36
Guatemala,GTM,1960,1.4
Guatemala,GTM,1965,1.48
Guatemala,GTM,1970,1.72
Guatemala,GTM,1975,2.01
Guatemala,GTM,1980,2.86
Guatemala,GTM,1985,3.16
Guatemala,GTM,1990,3.53
Guatemala,GTM,1995,3.8
Guatemala,GTM,2000,4.1
Guatemala,GTM,2005,3.97
Guatemala,GTM,2010,4.57
Guyana,GUY,1950,4.24
Guyana,GUY,1955,4.56
Guyana,GUY,1960,4.86
Guyana,GUY,1965,5.28
Guyana,GUY,1970,5.66
Guyana,GUY,1975,6.04
Guyana,GUY,1980,6.49
Guyana,GUY,1985,6.87
Guyana,GUY,1990,7.09
Guyana,GUY,1995,7.68
Guyana,GUY,2000,8.13
Guyana,GUY,2005,8.51
Guyana,GUY,2010,8.79
Haiti,HTI,1950,0.59
Haiti,HTI,1955,0.67
Haiti,HTI,1960,0.8
Haiti,HTI,1965,0.95
Haiti,HTI,1970,1.18
Haiti,HTI,1975,1.5
Haiti,HTI,1980,1.99
Haiti,HTI,1985,2.94
Haiti,HTI,1990,3.43
Haiti,HTI,1995,3.92
Haiti,HTI,2000,4.33
Haiti,HTI,2005,4.81
Haiti,HTI,2010,5.11
Honduras,HND,1950,1.64
Honduras,HND,1955,1.75
Honduras,HND,1960,1.92
Honduras,HND,1965,2.1
Honduras,HND,1970,2.33
Honduras,HND,1975,2.64
Honduras,HND,1980,3.62
Honduras,HND,1985,4.49
Honduras,HND,1990,4.89
Honduras,HND,1995,5.26
Honduras,HND,2000,5.65
Honduras,HND,2005,6.03
Honduras,HND,2010,6.19
Hong Kong,HKG,1950,4.36
Hong Kong,HKG,1955,4.64
Hong Kong,HKG,1960,4.89
Hong Kong,HKG,1965,5.71
Hong Kong,HKG,1970,6.3
Hong Kong,HKG,1975,6.91
Hong Kong,HKG,1980,7.97
Hong Kong,HKG,1985,8.7
Hong Kong,HKG,1990,9.39
Hong Kong,HKG,1995,9.41
Hong Kong,HKG,2000,9.31
Hong Kong,HKG,2005,11.18
Hong Kong,HKG,2010,11.38
Hungary,HUN,1950,7.13
Hungary,HUN,1955,7.27
Hungary,HUN,1960,7.43
Hungary,HUN,1965,7.6
Hungary,HUN,1970,8.08
Hungary,HUN,1975,8.57
Hungary,HUN,1980,9
Hungary,HUN,1985,8.99
Hungary,HUN,1990,8.79
Hungary,HUN,1995,10.41
Hungary,HUN,2000,11.2
Hungary,HUN,2005,11.66
Hungary,HUN,2010,11.85
Iceland,ISL,1950,5.7
Iceland,ISL,1955,5.88
Iceland,ISL,1960,6.14
Iceland,ISL,1965,6.56
Iceland,ISL,1970,7.01
Iceland,ISL,1975,7.43
Iceland,ISL,1980,7.88
Iceland,ISL,1985,8.33
Iceland,ISL,1990,8.78
Iceland,ISL,1995,9.23
Iceland,ISL,2000,9.67
Iceland,ISL,2005,10.42
Iceland,ISL,2010,11.05
India,IND,1950,0.99
India,IND,1955,1.06
India,IND,1960,1.13
India,IND,1965,1.3
India,IND,1970,1.61
India,IND,1975,2.01
India,IND,1980,2.34
India,IND,1985,2.89
India,IND,1990,3.45
India,IND,1995,4.12
India,IND,2000,5.03
India,IND,2005,5.63
India,IND,2010,6.24
Indonesia,IDN,1950,1.09
Indonesia,IDN,1955,1.25
Indonesia,IDN,1960,1.57
Indonesia,IDN,1965,2.17
Indonesia,IDN,1970,2.84
Indonesia,IDN,1975,3.19
Indonesia,IDN,1980,3.63
Indonesia,IDN,1985,3.86
Indonesia,IDN,1990,4.18
Indonesia,IDN,1995,4.62
Indonesia,IDN,2000,5.15
Indonesia,IDN,2005,6.41
Indonesia,IDN,2010,7.61
Iran,IRN,1950,0.54
Iran,IRN,1955,0.66
Iran,IRN,1960,0.92
Iran,IRN,1965,1.42
Iran,IRN,1970,2.03
Iran,IRN,1975,2.67
Iran,IRN,1980,3.58
Iran,IRN,1985,4.41
Iran,IRN,1990,5.22
Iran,IRN,1995,6.35
Iran,IRN,2000,7.31
Iran,IRN,2005,8.06
Iran,IRN,2010,8.88
Iraq,IRQ,1950,0.24
Iraq,IRQ,1955,0.33
Iraq,IRQ,1960,0.5
Iraq,IRQ,1965,0.85
Iraq,IRQ,1970,1.43
Iraq,IRQ,1975,1.97
Iraq,IRQ,1980,2.74
Iraq,IRQ,1985,3.73
Iraq,IRQ,1990,4.58
Iraq,IRQ,1995,5.09
Iraq,IRQ,2000,5.9
Iraq,IRQ,2005,6.31
Iraq,IRQ,2010,7.16
Ireland,IRL,1950,6.23
Ireland,IRL,1955,6.48
Ireland,IRL,1960,6.72
Ireland,IRL,1965,7.09
Ireland,IRL,1970,7.67
Ireland,IRL,1975,8.42
Ireland,IRL,1980,9.26
Ireland,IRL,1985,9.97
Ireland,IRL,1990,10.12
Ireland,IRL,1995,10.39
Ireland,IRL,2000,10.66
Ireland,IRL,2005,11.54
Ireland,IRL,2010,12.03
Israel,ISR,1950,7.3
Israel,ISR,1955,7.39
Israel,ISR,1960,7.66
Israel,ISR,1965,8.11
Israel,ISR,1970,8.66
Israel,ISR,1975,9.56
Israel,ISR,1980,10.27
Israel,ISR,1985,10.49
Israel,ISR,1990,10.83
Israel,ISR,1995,11.07
Israel,ISR,2000,11.34
Israel,ISR,2005,11.47
Israel,ISR,2010,12.32
Italy,ITA,1950,4.21
Italy,ITA,1955,4.54
Italy,ITA,1960,4.86
Italy,ITA,1965,5.23
Italy,ITA,1970,5.63
Italy,ITA,1975,6.16
Italy,ITA,1980,6.71
Italy,ITA,1985,7.18
Italy,ITA,1990,7.7
Italy,ITA,1995,8.27
Italy,ITA,2000,8.78
Italy,ITA,2005,9.15
Italy,ITA,2010,9.63
Jamaica,JAM,1950,3.59
Jamaica,JAM,1955,3.67
Jamaica,JAM,1960,3.87
Jamaica,JAM,1965,4.4
Jamaica,JAM,1970,4.86
Jamaica,JAM,1975,5.42
Jamaica,JAM,1980,6.08
Jamaica,JAM,1985,6.63
Jamaica,JAM,1990,7.15
Jamaica,JAM,1995,8.18
Jamaica,JAM,2000,9.14
Jamaica,JAM,2005,9.66
Jamaica,JAM,2010,9.87
Japan,JPN,1950,6.73
Japan,JPN,1955,7.19
Japan,JPN,1960,7.76
Japan,JPN,1965,7.48
Japan,JPN,1970,7.83
Japan,JPN,1975,8.38
Japan,JPN,1980,9.1
Japan,JPN,1985,9.63
Japan,JPN,1990,9.82
Japan,JPN,1995,10.51
Japan,JPN,2000,10.94
Japan,JPN,2005,11.3
Japan,JPN,2010,11.6
Jordan,JOR,1950,1.33
Jordan,JOR,1955,1.76
Jordan,JOR,1960,2.41
Jordan,JOR,1965,3
Jordan,JOR,1970,3.47
Jordan,JOR,1975,4.01
Jordan,JOR,1980,4.55
Jordan,JOR,1985,5.68
Jordan,JOR,1990,6.61
Jordan,JOR,1995,7.58
Jordan,JOR,2000,8.36
Jordan,JOR,2005,9.07
Jordan,JOR,2010,9.59
Kazakhstan,KAZ,1950,2.59
Kazakhstan,KAZ,1955,2.91
Kazakhstan,KAZ,1960,3.7
Kazakhstan,KAZ,1965,4.21
Kazakhstan,KAZ,1970,4.92
Kazakhstan,KAZ,1975,5.85
Kazakhstan,KAZ,1980,6.85
Kazakhstan,KAZ,1985,7.57
Kazakhstan,KAZ,1990,8.13
Kazakhstan,KAZ,1995,9.34
Kazakhstan,KAZ,2000,10.54
Kazakhstan,KAZ,2005,11.6
Kazakhstan,KAZ,2010,11.33
Kenya,KEN,1950,1.16
Kenya,KEN,1955,1.31
Kenya,KEN,1960,1.51
Kenya,KEN,1965,1.69
Kenya,KEN,1970,2.17
Kenya,KEN,1975,2.66
Kenya,KEN,1980,3.41
Kenya,KEN,1985,4.13
Kenya,KEN,1990,4.78
Kenya,KEN,1995,5.26
Kenya,KEN,2000,5.69
Kenya,KEN,2005,6.25
Kenya,KEN,2010,6.14
Kuwait,KWT,1950,1.48
Kuwait,KWT,1955,1.84
Kuwait,KWT,1960,2.39
Kuwait,KWT,1965,2.85
Kuwait,KWT,1970,3.27
Kuwait,KWT,1975,3.51
Kuwait,KWT,1980,4.61
Kuwait,KWT,1985,5.54
Kuwait,KWT,1990,5.92
Kuwait,KWT,1995,6.11
Kuwait,KWT,2000,6.09
Kuwait,KWT,2005,6.07
Kuwait,KWT,2010,6.34
Kyrgyzstan,KGZ,1950,4.04
Kyrgyzstan,KGZ,1955,4.42
Kyrgyzstan,KGZ,1960,4.65
Kyrgyzstan,KGZ,1965,5.12
Kyrgyzstan,KGZ,1970,5.67
Kyrgyzstan,KGZ,1975,6.47
Kyrgyzstan,KGZ,1980,7.45
Kyrgyzstan,KGZ,1985,8.11
Kyrgyzstan,KGZ,1990,8.6
Kyrgyzstan,KGZ,1995,8.93
Kyrgyzstan,KGZ,2000,9.4
Kyrgyzstan,KGZ,2005,9.89
Kyrgyzstan,KGZ,2010,10.71
Laos,LAO,1950,1.25
Laos,LAO,1955,1.39
Laos,LAO,1960,1.57
Laos,LAO,1965,1.76
Laos,LAO,1970,2.06
Laos,LAO,1975,2.42
Laos,LAO,1980,2.84
Laos,LAO,1985,3.23
Laos,LAO,1990,3.59
Laos,LAO,1995,3.92
Laos,LAO,2000,4.25
Laos,LAO,2005,4.62
Laos,LAO,2010,5.02
Latvia,LVA,1950,3.84
Latvia,LVA,1955,4.06
Latvia,LVA,1960,4.53
Latvia,LVA,1965,4.9
Latvia,LVA,1970,5.38
Latvia,LVA,1975,5.96
Latvia,LVA,1980,6.7
Latvia,LVA,1985,7.42
Latvia,LVA,1990,7.99
Latvia,LVA,1995,8.99
Latvia,LVA,2000,9.34
Latvia,LVA,2005,10.26
Latvia,LVA,2010,10.65
Lesotho,LSO,1950,2.47
Lesotho,LSO,1955,2.73
Lesotho,LSO,1960,2.96
Lesotho,LSO,1965,3.24
Lesotho,LSO,1970,3.55
Lesotho,LSO,1975,3.91
Lesotho,LSO,1980,4.3
Lesotho,LSO,1985,4.64
Lesotho,LSO,1990,5.12
Lesotho,LSO,1995,5.66
Lesotho,LSO,2000,6.21
Lesotho,LSO,2005,6.93
Lesotho,LSO,2010,5.85
Liberia,LBR,1950,0.57
Liberia,LBR,1955,0.62
Liberia,LBR,1960,0.73
Liberia,LBR,1965,0.93
Liberia,LBR,1970,1.15
Liberia,LBR,1975,1.66
Liberia,LBR,1980,2.2
Liberia,LBR,1985,2.69
Liberia,LBR,1990,3.02
Liberia,LBR,1995,3.08
Liberia,LBR,2000,3.49
Liberia,LBR,2005,3.85
Liberia,LBR,2010,4.2
Libya,LBY,1950,0.44
Libya,LBY,1955,0.55
Libya,LBY,1960,0.68
Libya,LBY,1965,1
Libya,LBY,1970,1.53
Libya,LBY,1975,2.19
Libya,LBY,1980,3.26
Libya,LBY,1985,4.31
Libya,LBY,1990,5.17
Libya,LBY,1995,5.89
Libya,LBY,2000,6.79
Libya,LBY,2005,7.42
Libya,LBY,2010,8
Lithuania,LTU,1950,3.71
Lithuania,LTU,1955,4.17
Lithuania,LTU,1960,4.79
Lithuania,LTU,1965,5.25
Lithuania,LTU,1970,5.87
Lithuania,LTU,1975,6.55
Lithuania,LTU,1980,7.35
Lithuania,LTU,1985,8.18
Lithuania,LTU,1990,8.81
Lithuania,LTU,1995,9.17
Lithuania,LTU,2000,9.49
Lithuania,LTU,2005,10.4
Lithuania,LTU,2010,10.89
Luxembourg,LUX,1950,3.39
Luxembourg,LUX,1955,4.05
Luxembourg,LUX,1960,4.51
Luxembourg,LUX,1965,5.33
Luxembourg,LUX,1970,6.21
Luxembourg,LUX,1975,7.92
Luxembourg,LUX,1980,8.22
Luxembourg,LUX,1985,8.5
Luxembourg,LUX,1990,8.91
Luxembourg,LUX,1995,9.22
Luxembourg,LUX,2000,9.55
Luxembourg,LUX,2005,10.26
Luxembourg,LUX,2010,10.99
Macao,MAC,1950,3.28
Macao,MAC,1955,3.35
Macao,MAC,1960,3.48
Macao,MAC,1965,3.71
Macao,MAC,1970,4.06
Macao,MAC,1975,4.54
Macao,MAC,1980,4.85
Macao,MAC,1985,5.35
Macao,MAC,1990,5.67
Macao,MAC,1995,6.17
Macao,MAC,2000,6.68
Macao,MAC,2005,7.5
Macao,MAC,2010,8.54
Malawi,MWI,1950,0.96
Malawi,MWI,1955,1.03
Malawi,MWI,1960,1.09
Malawi,MWI,1965,1.21
Malawi,MWI,1970,1.57
Malawi,MWI,1975,1.86
Malawi,MWI,1980,2.34
Malawi,MWI,1985,2.65
Malawi,MWI,1990,2.9
Malawi,MWI,1995,3.06
Malawi,MWI,2000,3.48
Malawi,MWI,2005,4.41
Malawi,MWI,2010,4.81
Malaysia,MYS,1950,2.08
Malaysia,MYS,1955,2.37
Malaysia,MYS,1960,2.83
Malaysia,MYS,1965,3.39
Malaysia,MYS,1970,4.2
Malaysia,MYS,1975,4.82
Malaysia,MYS,1980,5.76
Malaysia,MYS,1985,6.72
Malaysia,MYS,1990,6.97
Malaysia,MYS,1995,8.39
Malaysia,MYS,2000,9.09
Malaysia,MYS,2005,9.71
Malaysia,MYS,2010,10.44
Maldives,MDV,1950,2.99
Maldives,MDV,1955,3.19
Maldives,MDV,1960,3.43
Maldives,MDV,1965,3.66
Maldives,MDV,1970,4.02
Maldives,MDV,1975,4.3
Maldives,MDV,1980,4.54
Maldives,MDV,1985,4.82
Maldives,MDV,1990,4.43
Maldives,MDV,1995,4.11
Maldives,MDV,2000,4.26
Maldives,MDV,2005,4.69
Maldives,MDV,2010,6.02
Mali,MLI,1950,0.15
Mali,MLI,1955,0.17
Mali,MLI,1960,0.2
Mali,MLI,1965,0.24
Mali,MLI,1970,0.29
Mali,MLI,1975,0.45
Mali,MLI,1980,0.62
Mali,MLI,1985,0.78
Mali,MLI,1990,0.89
Mali,MLI,1995,1.01
Mali,MLI,2000,1.23
Mali,MLI,2005,1.73
Mali,MLI,2010,1.97
Malta,MLT,1950,3.23
Malta,MLT,1955,3.72
Malta,MLT,1960,4.26
Malta,MLT,1965,4.86
Malta,MLT,1970,5.82
Malta,MLT,1975,6.57
Malta,MLT,1980,7.21
Malta,MLT,1985,8.04
Malta,MLT,1990,8.73
Malta,MLT,1995,9.36
Malta,MLT,2000,9.78
Malta,MLT,2005,10.13
Malta,MLT,2010,10.52
Mauritania,MRT,1950,1.27
Mauritania,MRT,1955,1.35
Mauritania,MRT,1960,1.43
Mauritania,MRT,1965,1.52
Mauritania,MRT,1970,1.66
Mauritania,MRT,1975,1.83
Mauritania,MRT,1980,2.13
Mauritania,MRT,1985,2.43
Mauritania,MRT,1990,2.76
Mauritania,MRT,1995,3.12
Mauritania,MRT,2000,3.55
Mauritania,MRT,2005,4.06
Mauritania,MRT,2010,4.53
Mauritius,MUS,1950,2.51
Mauritius,MUS,1955,2.91
Mauritius,MUS,1960,3.56
Mauritius,MUS,1965,4.23
Mauritius,MUS,1970,4.93
Mauritius,MUS,1975,5.09
Mauritius,MUS,1980,5.36
Mauritius,MUS,1985,5.86
Mauritius,MUS,1990,6.49
Mauritius,MUS,1995,6.83
Mauritius,MUS,2000,6.7
Mauritius,MUS,2005,7.84
Mauritius,MUS,2010,8.86
Mexico,MEX,1950,2.19
Mexico,MEX,1955,2.34
Mexico,MEX,1960,2.52
Mexico,MEX,1965,2.96
Mexico,MEX,1970,3.39
Mexico,MEX,1975,4.09
Mexico,MEX,1980,4.9
Mexico,MEX,1985,5.77
Mexico,MEX,1990,6.47
Mexico,MEX,1995,7.2
Mexico,MEX,2000,7.66
Mexico,MEX,2005,8.45
Mexico,MEX,2010,8.79
Moldova,MDA,1950,3.28
Moldova,MDA,1955,3.68
Moldova,MDA,1960,4.27
Moldova,MDA,1965,4.8
Moldova,MDA,1970,5.63
Moldova,MDA,1975,6.52
Moldova,MDA,1980,7.27
Moldova,MDA,1985,7.92
Moldova,MDA,1990,8.47
Moldova,MDA,1995,8.89
Moldova,MDA,2000,9.21
Moldova,MDA,2005,9.57
Moldova,MDA,2010,10.4
Mongolia,MNG,1950,1.61
Mongolia,MNG,1955,1.95
Mongolia,MNG,1960,2.52
Mongolia,MNG,1965,3.21
Mongolia,MNG,1970,3.56
Mongolia,MNG,1975,5.65
Mongolia,MNG,1980,6.35
Mongolia,MNG,1985,7.02
Mongolia,MNG,1990,7.76
Mongolia,MNG,1995,7.84
Mongolia,MNG,2000,7.88
Mongolia,MNG,2005,8.57
Mongolia,MNG,2010,9.2
Morocco,MAR,1950,0.28
Morocco,MAR,1955,0.38
Morocco,MAR,1960,0.49
Morocco,MAR,1965,0.71
Morocco,MAR,1970,0.98
Morocco,MAR,1975,1.35
Morocco,MAR,1980,1.76
Morocco,MAR,1985,2.29
Morocco,MAR,1990,2.86
Morocco,MAR,1995,3.4
Morocco,MAR,2000,3.82
Morocco,MAR,2005,4.34
Morocco,MAR,2010,4.96
Mozambique,MOZ,1950,0.49
Mozambique,MOZ,1955,0.65
Mozambique,MOZ,1960,0.82
Mozambique,MOZ,1965,1
Mozambique,MOZ,1970,1.01
Mozambique,MOZ,1975,0.95
Mozambique,MOZ,1980,1.12
Mozambique,MOZ,1985,1.17
Mozambique,MOZ,1990,1
Mozambique,MOZ,1995,0.93
Mozambique,MOZ,2000,1.08
Mozambique,MOZ,2005,1.28
Mozambique,MOZ,2010,1.93
Myanmar,MMR,1950,1.15
Myanmar,MMR,1955,1.21
Myanmar,MMR,1960,1.23
Myanmar,MMR,1965,1.38
Myanmar,MMR,1970,1.45
Myanmar,MMR,1975,1.6
Myanmar,MMR,1980,2.23
Myanmar,MMR,1985,2.73
Myanmar,MMR,1990,2.83
Myanmar,MMR,1995,3.22
Myanmar,MMR,2000,3.69
Myanmar,MMR,2005,4.23
Myanmar,MMR,2010,4.85
Namibia,NAM,1950,2.4
Namibia,NAM,1955,2.75
Namibia,NAM,1960,3.07
Namibia,NAM,1965,3.43
Namibia,NAM,1970,3.95
Namibia,NAM,1975,4.47
Namibia,NAM,1980,5.02
Namibia,NAM,1985,5.62
Namibia,NAM,1990,6.15
Namibia,NAM,1995,6.05
Namibia,NAM,2000,5.72
Namibia,NAM,2005,5.97
Namibia,NAM,2010,6.17
Nepal,NPL,1950,0.11
Nepal,NPL,1955,0.11
Nepal,NPL,1960,0.13
Nepal,NPL,1965,0.27
Nepal,NPL,1970,0.5
Nepal,NPL,1975,0.72
Nepal,NPL,1980,0.99
Nepal,NPL,1985,1.76
Nepal,NPL,1990,2.49
Nepal,NPL,1995,2.65
Nepal,NPL,2000,2.97
Nepal,NPL,2005,3.55
Nepal,NPL,2010,4.23
Netherlands,NLD,1950,6.08
Netherlands,NLD,1955,6.14
Netherlands,NLD,1960,6.19
Netherlands,NLD,1965,7.31
Netherlands,NLD,1970,8.2
Netherlands,NLD,1975,8.93
Netherlands,NLD,1980,9.46
Netherlands,NLD,1985,9.92
Netherlands,NLD,1990,10.28
Netherlands,NLD,1995,10.56
Netherlands,NLD,2000,10.81
Netherlands,NLD,2005,10.8
Netherlands,NLD,2010,11.39
New Zealand,NZL,1950,9.19
New Zealand,NZL,1955,9.48
New Zealand,NZL,1960,9.9
New Zealand,NZL,1965,9.97
New Zealand,NZL,1970,10.93
New Zealand,NZL,1975,11.71
New Zealand,NZL,1980,11.59
New Zealand,NZL,1985,11.71
New Zealand,NZL,1990,11.62
New Zealand,NZL,1995,11.68
New Zealand,NZL,2000,11.76
New Zealand,NZL,2005,11.77
New Zealand,NZL,2010,10.98
Nicaragua,NIC,1950,1.55
Nicaragua,NIC,1955,1.83
Nicaragua,NIC,1960,2.17
Nicaragua,NIC,1965,2.58
Nicaragua,NIC,1970,3.03
Nicaragua,NIC,1975,3.32
Nicaragua,NIC,1980,3.75
Nicaragua,NIC,1985,4.1
Nicaragua,NIC,1990,4.49
Nicaragua,NIC,1995,5.02
Nicaragua,NIC,2000,5.51
Nicaragua,NIC,2005,5.98
Nicaragua,NIC,2010,6.61
Niger,NER,1950,0.32
Niger,NER,1955,0.34
Niger,NER,1960,0.38
Niger,NER,1965,0.4
Niger,NER,1970,0.44
Niger,NER,1975,0.52
Niger,NER,1980,0.65
Niger,NER,1985,0.83
Niger,NER,1990,1.04
Niger,NER,1995,1.23
Niger,NER,2000,1.38
Niger,NER,2005,1.57
Niger,NER,2010,1.88
Norway,NOR,1950,7.4
Norway,NOR,1955,7.41
Norway,NOR,1960,7.48
Norway,NOR,1965,7.86
Norway,NOR,1970,8.32
Norway,NOR,1975,8.54
Norway,NOR,1980,8.96
Norway,NOR,1985,9.69
Norway,NOR,1990,10.28
Norway,NOR,1995,10.72
Norway,NOR,2000,11.02
Norway,NOR,2005,11.78
Norway,NOR,2010,11.59
Pakistan,PAK,1950,0.99
Pakistan,PAK,1955,1.01
Pakistan,PAK,1960,1.15
Pakistan,PAK,1965,1.39
Pakistan,PAK,1970,1.58
Pakistan,PAK,1975,1.88
Pakistan,PAK,1980,2.15
Pakistan,PAK,1985,2.51
Pakistan,PAK,1990,2.92
Pakistan,PAK,1995,3.36
Pakistan,PAK,2000,3.87
Pakistan,PAK,2005,4.93
Pakistan,PAK,2010,5.02
Panama,PAN,1950,3.76
Panama,PAN,1955,4.14
Panama,PAN,1960,4.59
Panama,PAN,1965,4.84
Panama,PAN,1970,5.21
Panama,PAN,1975,5.89
Panama,PAN,1980,6.66
Panama,PAN,1985,7.34
Panama,PAN,1990,7.65
Panama,PAN,1995,8.43
Panama,PAN,2000,8.74
Panama,PAN,2005,9.18
Panama,PAN,2010,9.27
Papua New Guinea,PNG,1950,0.51
Papua New Guinea,PNG,1955,0.59
Papua New Guinea,PNG,1960,0.75
Papua New Guinea,PNG,1965,0.97
Papua New Guinea,PNG,1970,1.33
Papua New Guinea,PNG,1975,1.7
Papua New Guinea,PNG,1980,2.11
Papua New Guinea,PNG,1985,2.61
Papua New Guinea,PNG,1990,3.05
Papua New Guinea,PNG,1995,3.31
Papua New Guinea,PNG,2000,3.48
Papua New Guinea,PNG,2005,3.99
Papua New Guinea,PNG,2010,4.26
Paraguay,PRY,1950,2.69
Paraguay,PRY,1955,3
Paraguay,PRY,1960,3.43
Paraguay,PRY,1965,3.69
Paraguay,PRY,1970,4.14
Paraguay,PRY,1975,4.68
Paraguay,PRY,1980,5.2
Paraguay,PRY,1985,5.8
Paraguay,PRY,1990,6.11
Paraguay,PRY,1995,6.25
Paraguay,PRY,2000,6.23
Paraguay,PRY,2005,7.59
Paraguay,PRY,2010,7.57
Peru,PER,1950,2.83
Peru,PER,1955,3
Peru,PER,1960,3.21
Peru,PER,1965,3.7
Peru,PER,1970,4.36
Peru,PER,1975,5.32
Peru,PER,1980,6.1
Peru,PER,1985,6.62
Peru,PER,1990,7.23
Peru,PER,1995,7.88
Peru,PER,2000,8.85
Peru,PER,2005,9.55
Peru,PER,2010,8.88
Philippines,PHL,1950,2.21
Philippines,PHL,1955,3.2
Philippines,PHL,1960,3.46
Philippines,PHL,1965,3.93
Philippines,PHL,1970,4.71
Philippines,PHL,1975,5.49
Philippines,PHL,1980,6.21
Philippines,PHL,1985,6.58
Philippines,PHL,1990,7.1
Philippines,PHL,1995,7.56
Philippines,PHL,2000,7.87
Philippines,PHL,2005,8.18
Philippines,PHL,2010,8.43
Poland,POL,1950,5.4
Poland,POL,1955,5.67
Poland,POL,1960,6.04
Poland,POL,1965,6.72
Poland,POL,1970,7.35
Poland,POL,1975,7.91
Poland,POL,1980,8.07
Poland,POL,1985,8.5
Poland,POL,1990,9.06
Poland,POL,1995,9.86
Poland,POL,2000,10.26
Poland,POL,2005,10.94
Poland,POL,2010,11.32
Portugal,PRT,1950,1.9
Portugal,PRT,1955,2.06
Portugal,PRT,1960,2.28
Portugal,PRT,1965,2.46
Portugal,PRT,1970,2.93
Portugal,PRT,1975,3.8
Portugal,PRT,1980,4.65
Portugal,PRT,1985,5.42
Portugal,PRT,1990,6
Portugal,PRT,1995,6.69
Portugal,PRT,2000,7.43
Portugal,PRT,2005,7.02
Portugal,PRT,2010,7.52
Qatar,QAT,1950,1.63
Qatar,QAT,1955,2.1
Qatar,QAT,1960,2.54
Qatar,QAT,1965,3.21
Qatar,QAT,1970,3.78
Qatar,QAT,1975,4.27
Qatar,QAT,1980,4.75
Qatar,QAT,1985,5.18
Qatar,QAT,1990,5.58
Qatar,QAT,1995,6.13
Qatar,QAT,2000,6.6
Qatar,QAT,2005,7.29
Qatar,QAT,2010,8.43
Reunion,REU,1950,2.85
Reunion,REU,1955,2.75
Reunion,REU,1960,2.72
Reunion,REU,1965,2.85
Reunion,REU,1970,3.52
Reunion,REU,1975,4.34
Reunion,REU,1980,5.09
Reunion,REU,1985,5.69
Reunion,REU,1990,6.21
Reunion,REU,1995,6.67
Reunion,REU,2000,7.08
Reunion,REU,2005,7.45
Reunion,REU,2010,7.9
Romania,ROU,1950,4.38
Romania,ROU,1955,4.69
Romania,ROU,1960,5.18
Romania,ROU,1965,5.59
Romania,ROU,1970,6.7
Romania,ROU,1975,7.66
Romania,ROU,1980,8.21
Romania,ROU,1985,8.78
Romania,ROU,1990,9.32
Romania,ROU,1995,9.7
Romania,ROU,2000,10.04
Romania,ROU,2005,10.31
Romania,ROU,2010,10.67
Russia,RUS,1950,3.83
Russia,RUS,1955,4.41
Russia,RUS,1960,4.67
Russia,RUS,1965,5.34
Russia,RUS,1970,5.94
Russia,RUS,1975,6.69
Russia,RUS,1980,7.59
Russia,RUS,1985,8.57
Russia,RUS,1990,9.46
Russia,RUS,1995,9.94
Russia,RUS,2000,10.9
Russia,RUS,2005,11.2
Russia,RUS,2010,11.53
Rwanda,RWA,1950,0.32
Rwanda,RWA,1955,0.45
Rwanda,RWA,1960,0.79
Rwanda,RWA,1965,0.94
Rwanda,RWA,1970,1.16
Rwanda,RWA,1975,1.44
Rwanda,RWA,1980,1.69
Rwanda,RWA,1985,1.88
Rwanda,RWA,1990,2.18
Rwanda,RWA,1995,2.66
Rwanda,RWA,2000,3.23
Rwanda,RWA,2005,3.83
Rwanda,RWA,2010,4.36
Saudi Arabia,SAU,1950,2.31
Saudi Arabia,SAU,1955,2.51
Saudi Arabia,SAU,1960,2.71
Saudi Arabia,SAU,1965,3.05
Saudi Arabia,SAU,1970,3.22
Saudi Arabia,SAU,1975,3.73
Saudi Arabia,SAU,1980,4.26
Saudi Arabia,SAU,1985,5.17
Saudi Arabia,SAU,1990,5.84
Saudi Arabia,SAU,1995,6.34
Saudi Arabia,SAU,2000,7.08
Saudi Arabia,SAU,2005,7.69
Saudi Arabia,SAU,2010,8.53
Senegal,SEN,1950,1.76
Senegal,SEN,1955,1.84
Senegal,SEN,1960,2.08
Senegal,SEN,1965,2.11
Senegal,SEN,1970,2.29
Senegal,SEN,1975,2.45
Senegal,SEN,1980,2.49
Senegal,SEN,1985,2.43
Senegal,SEN,1990,2.33
Senegal,SEN,1995,2.2
Senegal,SEN,2000,1.92
Senegal,SEN,2005,1.57
Senegal,SEN,2010,2.74
Serbia,SRB,1950,4.32
Serbia,SRB,1955,4.8
Serbia,SRB,1960,4.98
Serbia,SRB,1965,5.28
Serbia,SRB,1970,5.81
Serbia,SRB,1975,6.51
Serbia,SRB,1980,7.06
Serbia,SRB,1985,7.65
Serbia,SRB,1990,7.89
Serbia,SRB,1995,8.57
Serbia,SRB,2000,9
Serbia,SRB,2005,10.06
Serbia,SRB,2010,10.85
Sierra Leone,SLE,1950,0.41
Sierra Leone,SLE,1955,0.46
Sierra Leone,SLE,1960,0.5
Sierra Leone,SLE,1965,0.67
Sierra Leone,SLE,1970,0.84
Sierra Leone,SLE,1975,1.1
Sierra Leone,SLE,1980,1.4
Sierra Leone,SLE,1985,1.75
Sierra Leone,SLE,1990,2.09
Sierra Leone,SLE,1995,2.46
Sierra Leone,SLE,2000,2.78
Sierra Leone,SLE,2005,3.22
Sierra Leone,SLE,2010,4.23
Singapore,SGP,1950,2.71
Singapore,SGP,1955,3.1
Singapore,SGP,1960,3.7
Singapore,SGP,1965,4.36
Singapore,SGP,1970,5.2
Singapore,SGP,1975,5.07
Singapore,SGP,1980,5.26
Singapore,SGP,1985,5.97
Singapore,SGP,1990,6.66
Singapore,SGP,1995,7.98
Singapore,SGP,2000,9.15
Singapore,SGP,2005,8.83
Singapore,SGP,2010,10.81
Slovakia,SVK,1950,8.13
Slovakia,SVK,1955,8.28
Slovakia,SVK,1960,8.4
Slovakia,SVK,1965,9
Slovakia,SVK,1970,9.5
Slovakia,SVK,1975,9.87
Slovakia,SVK,1980,10.14
Slovakia,SVK,1985,10.31
Slovakia,SVK,1990,10.69
Slovakia,SVK,1995,11.24
Slovakia,SVK,2000,11.2
Slovakia,SVK,2005,12.22
Slovakia,SVK,2010,12.82
Slovenia,SVN,1950,5.86
Slovenia,SVN,1955,6.27
Slovenia,SVN,1960,6.43
Slovenia,SVN,1965,7.18
Slovenia,SVN,1970,7.83
Slovenia,SVN,1975,8.59
Slovenia,SVN,1980,9.07
Slovenia,SVN,1985,10.07
Slovenia,SVN,1990,10.77
Slovenia,SVN,1995,11.05
Slovenia,SVN,2000,11.35
Slovenia,SVN,2005,11.59
Slovenia,SVN,2010,11.89
South Africa,ZAF,1950,4.03
South Africa,ZAF,1955,4.32
South Africa,ZAF,1960,4.39
South Africa,ZAF,1965,4.45
South Africa,ZAF,1970,4.61
South Africa,ZAF,1975,4.83
South Africa,ZAF,1980,5.11
South Africa,ZAF,1985,5.11
South Africa,ZAF,1990,6.81
South Africa,ZAF,1995,8.29
South Africa,ZAF,2000,7.68
South Africa,ZAF,2005,8.65
South Africa,ZAF,2010,9.69
South Korea,KOR,1950,4.5
South Korea,KOR,1955,5.02
South Korea,KOR,1960,4.2
South Korea,KOR,1965,5.32
South Korea,KOR,1970,6.19
South Korea,KOR,1975,7.12
South Korea,KOR,1980,8.13
South Korea,KOR,1985,9
South Korea,KOR,1990,9.85
South Korea,KOR,1995,10.49
South Korea,KOR,2000,11.06
South Korea,KOR,2005,11.46
South Korea,KOR,2010,12.05
Spain,ESP,1950,3.83
Spain,ESP,1955,3.83
Spain,ESP,1960,4.18
Spain,ESP,1965,4.48
Spain,ESP,1970,5.59
Spain,ESP,1975,5.91
Spain,ESP,1980,6.81
Spain,ESP,1985,6.89
Spain,ESP,1990,7.02
Spain,ESP,1995,8.11
Spain,ESP,2000,8.93
Spain,ESP,2005,10.12
Spain,ESP,2010,10.27
Sri Lanka,LKA,1950,3.4
Sri Lanka,LKA,1955,3.7
Sri Lanka,LKA,1960,3.98
Sri Lanka,LKA,1965,4.33
Sri Lanka,LKA,1970,6.38
Sri Lanka,LKA,1975,6.72
Sri Lanka,LKA,1980,6.96
Sri Lanka,LKA,1985,7.62
Sri Lanka,LKA,1990,8.51
Sri Lanka,LKA,1995,9.35
Sri Lanka,LKA,2000,10.24
Sri Lanka,LKA,2005,10.31
Sri Lanka,LKA,2010,10.06
Sudan,SDN,1950,0.32
Sudan,SDN,1955,0.4
Sudan,SDN,1960,0.48
Sudan,SDN,1965,0.59
Sudan,SDN,1970,0.73
Sudan,SDN,1975,0.96
Sudan,SDN,1980,1.27
Sudan,SDN,1985,1.71
Sudan,SDN,1990,2.15
Sudan,SDN,1995,2.52
Sudan,SDN,2000,2.82
Sudan,SDN,2005,3.15
Sudan,SDN,2010,3.21
Swaziland,SWZ,1950,1.23
Swaziland,SWZ,1955,1.48
Swaziland,SWZ,1960,1.72
Swaziland,SWZ,1965,2.06
Swaziland,SWZ,1970,2.89
Swaziland,SWZ,1975,3.81
Swaziland,SWZ,1980,4.44
Swaziland,SWZ,1985,5.08
Swaziland,SWZ,1990,5.09
Swaziland,SWZ,1995,5
Swaziland,SWZ,2000,4.44
Swaziland,SWZ,2005,2.99
Swaziland,SWZ,2010,5.06
Sweden,SWE,1950,6.75
Sweden,SWE,1955,7.02
Sweden,SWE,1960,7.56
Sweden,SWE,1965,7.96
Sweden,SWE,1970,8.45
Sweden,SWE,1975,9.24
Sweden,SWE,1980,9.86
Sweden,SWE,1985,10.2
Sweden,SWE,1990,10.58
Sweden,SWE,1995,11.18
Sweden,SWE,2000,11.38
Sweden,SWE,2005,11.81
Sweden,SWE,2010,11.64
Switzerland,CHE,1950,8.84
Switzerland,CHE,1955,8.96
Switzerland,CHE,1960,9.04
Switzerland,CHE,1965,9.36
Switzerland,CHE,1970,9.72
Switzerland,CHE,1975,10.34
Switzerland,CHE,1980,11.06
Switzerland,CHE,1985,10.31
Switzerland,CHE,1990,10.01
Switzerland,CHE,1995,9.83
Switzerland,CHE,2000,9.78
Switzerland,CHE,2005,10.55
Switzerland,CHE,2010,13.02
Syria,SYR,1950,0.85
Syria,SYR,1955,0.98
Syria,SYR,1960,1.21
Syria,SYR,1965,1.53
Syria,SYR,1970,2.04
Syria,SYR,1975,2.7
Syria,SYR,1980,3.36
Syria,SYR,1985,4.07
Syria,SYR,1990,4.47
Syria,SYR,1995,4.56
Syria,SYR,2000,4.58
Syria,SYR,2005,5.9
Syria,SYR,2010,6.7
Taiwan,TWN,1950,3.03
Taiwan,TWN,1955,3.33
Taiwan,TWN,1960,3.71
Taiwan,TWN,1965,4.11
Taiwan,TWN,1970,4.92
Taiwan,TWN,1975,5.81
Taiwan,TWN,1980,6.74
Taiwan,TWN,1985,7.4
Taiwan,TWN,1990,8.07
Taiwan,TWN,1995,8.77
Taiwan,TWN,2000,9.58
Taiwan,TWN,2005,10.54
Taiwan,TWN,2010,11.09
Tajikistan,TJK,1950,4.13
Tajikistan,TJK,1955,4.58
Tajikistan,TJK,1960,5.25
Tajikistan,TJK,1965,5.78
Tajikistan,TJK,1970,6.67
Tajikistan,TJK,1975,7.68
Tajikistan,TJK,1980,8.7
Tajikistan,TJK,1985,9.44
Tajikistan,TJK,1990,9.92
Tajikistan,TJK,1995,10.47
Tajikistan,TJK,2000,10.63
Tajikistan,TJK,2005,10.38
Tajikistan,TJK,2010,10.3
Tanzania,TZA,1950,1.21
Tanzania,TZA,1955,1.27
Tanzania,TZA,1960,1.65
Tanzania,TZA,1965,1.83
Tanzania,TZA,1970,2.27
Tanzania,TZA,1975,2.56
Tanzania,TZA,1980,3.24
Tanzania,TZA,1985,3.67
Tanzania,TZA,1990,4.09
Tanzania,TZA,1995,4.38
Tanzania,TZA,2000,4.73
Tanzania,TZA,2005,5.11
Tanzania,TZA,2010,5.81
Thailand,THA,1950,2.04
Thailand,THA,1955,2.31
Thailand,THA,1960,2.55
Thailand,THA,1965,2.28
Thailand,THA,1970,2.51
Thailand,THA,1975,3.01
Thailand,THA,1980,3.64
Thailand,THA,1985,4.15
Thailand,THA,1990,4.85
Thailand,THA,1995,5.5
Thailand,THA,2000,5.65
Thailand,THA,2005,7.03
Thailand,THA,2010,7.99
Togo,TGO,1950,0.34
Togo,TGO,1955,0.4
Togo,TGO,1960,0.49
Togo,TGO,1965,0.61
Togo,TGO,1970,0.85
Togo,TGO,1975,1.82
Togo,TGO,1980,2.8
Togo,TGO,1985,3.42
Togo,TGO,1990,3.99
Togo,TGO,1995,4.31
Togo,TGO,2000,4.75
Togo,TGO,2005,5.16
Togo,TGO,2010,5.49
Tonga,TON,1950,5.94
Tonga,TON,1955,6.11
Tonga,TON,1960,6.35
Tonga,TON,1965,6.69
Tonga,TON,1970,7.09
Tonga,TON,1975,7.67
Tonga,TON,1980,8.01
Tonga,TON,1985,7.98
Tonga,TON,1990,8.77
Tonga,TON,1995,9.33
Tonga,TON,2000,9.37
Tonga,TON,2005,9.33
Tonga,TON,2010,10.82
Trinidad and Tobago,TTO,1950,5
Trinidad and Tobago,TTO,1955,5.32
Trinidad and Tobago,TTO,1960,5.65
Trinidad and Tobago,TTO,1965,5.98
Trinidad and Tobago,TTO,1970,6.4
Trinidad and Tobago,TTO,1975,6.93
Trinidad and Tobago,TTO,1980,7.48
Trinidad and Tobago,TTO,1985,7.98
Trinidad and Tobago,TTO,1990,8.46
Trinidad and Tobago,TTO,1995,9
Trinidad and Tobago,TTO,2000,9.51
Trinidad and Tobago,TTO,2005,10.08
Trinidad and Tobago,TTO,2010,10.63
Tunisia,TUN,1950,0.65
Tunisia,TUN,1955,0.78
Tunisia,TUN,1960,0.92
Tunisia,TUN,1965,1.3
Tunisia,TUN,1970,1.79
Tunisia,TUN,1975,2.45
Tunisia,TUN,1980,3.25
Tunisia,TUN,1985,3.7
Tunisia,TUN,1990,4.39
Tunisia,TUN,1995,5.07
Tunisia,TUN,2000,5.9
Tunisia,TUN,2005,6.78
Tunisia,TUN,2010,7.48
Turkey,TUR,1950,1.11
Turkey,TUR,1955,1.38
Turkey,TUR,1960,1.76
Turkey,TUR,1965,2.08
Turkey,TUR,1970,2.45
Turkey,TUR,1975,2.92
Turkey,TUR,1980,3.55
Turkey,TUR,1985,4.58
Turkey,TUR,1990,5.01
Turkey,TUR,1995,5.44
Turkey,TUR,2000,6.1
Turkey,TUR,2005,6.47
Turkey,TUR,2010,7.05
Uganda,UGA,1950,0.89
Uganda,UGA,1955,1.02
Uganda,UGA,1960,1.16
Uganda,UGA,1965,1.24
Uganda,UGA,1970,1.52
Uganda,UGA,1975,1.93
Uganda,UGA,1980,2.29
Uganda,UGA,1985,2.86
Uganda,UGA,1990,3.48
Uganda,UGA,1995,3.97
Uganda,UGA,2000,4.33
Uganda,UGA,2005,4.97
Uganda,UGA,2010,5.7
Ukraine,UKR,1950,4.37
Ukraine,UKR,1955,4.94
Ukraine,UKR,1960,5.39
Ukraine,UKR,1965,5.87
Ukraine,UKR,1970,6.26
Ukraine,UKR,1975,7.02
Ukraine,UKR,1980,7.81
Ukraine,UKR,1985,8.82
Ukraine,UKR,1990,9.53
Ukraine,UKR,1995,10.15
Ukraine,UKR,2000,10.45
Ukraine,UKR,2005,10.97
Ukraine,UKR,2010,11.15
United Arab Emirates,ARE,1950,0.79
United Arab Emirates,ARE,1955,1.14
United Arab Emirates,ARE,1960,1.51
United Arab Emirates,ARE,1965,2.1
United Arab Emirates,ARE,1970,2.54
United Arab Emirates,ARE,1975,2.99
United Arab Emirates,ARE,1980,3.89
United Arab Emirates,ARE,1985,4.9
United Arab Emirates,ARE,1990,6.11
United Arab Emirates,ARE,1995,7.51
United Arab Emirates,ARE,2000,8.43
United Arab Emirates,ARE,2005,8.89
United Arab Emirates,ARE,2010,9.07
United Kingdom,GBR,1950,6.39
United Kingdom,GBR,1955,6.61
United Kingdom,GBR,1960,6.86
United Kingdom,GBR,1965,7.46
United Kingdom,GBR,1970,7.91
United Kingdom,GBR,1975,8.25
United Kingdom,GBR,1980,8.41
United Kingdom,GBR,1985,8.68
United Kingdom,GBR,1990,9.1
United Kingdom,GBR,1995,9.44
United Kingdom,GBR,2000,9.92
United Kingdom,GBR,2005,11.1
United Kingdom,GBR,2010,12.24
United States,USA,1950,8.4
United States,USA,1955,8.75
United States,USA,1960,9.17
United States,USA,1965,10.03
United States,USA,1970,10.78
United States,USA,1975,11.46
United States,USA,1980,12.03
United States,USA,1985,12.08
United States,USA,1990,12.2
United States,USA,1995,12.59
United States,USA,2000,12.64
United States,USA,2005,12.86
United States,USA,2010,13.18
Uruguay,URY,1950,4.34
Uruguay,URY,1955,4.6
Uruguay,URY,1960,4.87
Uruguay,URY,1965,5.2
Uruguay,URY,1970,5.7
Uruguay,URY,1975,6.16
Uruguay,URY,1980,6.7
Uruguay,URY,1985,7.24
Uruguay,URY,1990,7.45
Uruguay,URY,1995,7.57
Uruguay,URY,2000,8.07
Uruguay,URY,2005,7.96
Uruguay,URY,2010,8.17
Venezuela,VEN,1950,1.63
Venezuela,VEN,1955,1.98
Venezuela,VEN,1960,2.38
Venezuela,VEN,1965,2.66
Venezuela,VEN,1970,3.28
Venezuela,VEN,1975,4.31
Venezuela,VEN,1980,5.27
Venezuela,VEN,1985,5.12
Venezuela,VEN,1990,4.97
Venezuela,VEN,1995,5.86
Venezuela,VEN,2000,6.71
Venezuela,VEN,2005,7.51
Venezuela,VEN,2010,8.41
Vietnam,VNM,1950,2.47
Vietnam,VNM,1955,2.48
Vietnam,VNM,1960,2.88
Vietnam,VNM,1965,3.36
Vietnam,VNM,1970,3.97
Vietnam,VNM,1975,4.56
Vietnam,VNM,1980,5.16
Vietnam,VNM,1985,4.64
Vietnam,VNM,1990,4.1
Vietnam,VNM,1995,4.85
Vietnam,VNM,2000,5.64
Vietnam,VNM,2005,6.42
Vietnam,VNM,2010,7.15
Yemen,YEM,1950,0.02
Yemen,YEM,1955,0.03
Yemen,YEM,1960,0.04
Yemen,YEM,1965,0.05
Yemen,YEM,1970,0.06
Yemen,YEM,1975,0.09
Yemen,YEM,1980,0.23
Yemen,YEM,1985,0.61
Yemen,YEM,1990,1.2
Yemen,YEM,1995,1.67
Yemen,YEM,2000,2.34
Yemen,YEM,2005,3
Yemen,YEM,2010,3.68
Zambia,ZMB,1950,1.77
Zambia,ZMB,1955,1.96
Zambia,ZMB,1960,2.26
Zambia,ZMB,1965,2.57
Zambia,ZMB,1970,2.98
Zambia,ZMB,1975,3.65
Zambia,ZMB,1980,4.17
Zambia,ZMB,1985,4.61
Zambia,ZMB,1990,4.89
Zambia,ZMB,1995,6.01
Zambia,ZMB,2000,6.16
Zambia,ZMB,2005,6.42
Zambia,ZMB,2010,7.32
Zimbabwe,ZWE,1950,1.58
Zimbabwe,ZWE,1955,1.88
Zimbabwe,ZWE,1960,2.24
Zimbabwe,ZWE,1965,2.51
Zimbabwe,ZWE,1970,3.01
Zimbabwe,ZWE,1975,3.45
Zimbabwe,ZWE,1980,3.89
Zimbabwe,ZWE,1985,4.67
Zimbabwe,ZWE,1990,5.73
Zimbabwe,ZWE,1995,6.7
Zimbabwe,ZWE,2000,7
Zimbabwe,ZWE,2005,7.47
Zimbabwe,ZWE,2010,7.61